[{
  "transactions": {
    "rentals": {
      "total": 481,
      "college": {
        "CET": 0.36,
        "CBA": 0.42,
        "EDUC": 0.12,
        "BSN": 0.10
      },
      "areas": {
        "1": 0.37,
        "2": 0.36,
        "3": 0.19,
        "4": 0.8
      }
    },
    "reserve": {
      "total": 85,
      "college": {
        "CET": 0.35,
        "CBA": 0.43,
        "EDUC": 0.11,
        "BSN": 0.12
      },
      "areas": {
        "1": 0.32,
        "2": 0.33,
        "3": 0.20,
        "4": 0.15
      }
    },
    "extend": {
      "total": 85,
      "college": {
        "CET": 0.35,
        "CBA": 0.43,
        "EDUC": 0.11,
        "BSN": 0.12
      },
      "areas": {
        "1": 0.32,
        "2": 0.33,
        "3": 0.20,
        "4": 0.15
      }
    },
    "overdue": {
      "total": 85,
      "college": {
        "CET": 0.35,
        "CBA": 0.43,
        "EDUC": 0.11,
        "BSN": 0.12
      },
      "areas": {
        "1": 0.32,
        "2": 0.33,
        "3": 0.20,
        "4": 0.15
      }
    }
  },
  "hours": {
    "total": {
      "total_usage_hours": 1231,
      "college": {
        "CET": 0.36,
        "CBA": 0.42,
        "EDUC": 0.12,
        "BSN": 0.10
      },
      "areas": {
        "1": 0.37,
        "2": 0.36,
        "3": 0.19,
        "4": 0.8
      }
    },
    "reserve": {
      "total": 481,
      "college": {
        "CET": 0.36,
        "CBA": 0.42,
        "EDUC": 0.12,
        "BSN": 0.10
      },
      "areas": {
        "1": 0.37,
        "2": 0.36,
        "3": 0.19,
        "4": 0.8
      }
    },
    "base_rental": {
      "total": 481,
      "college": {
        "CET": 0.36,
        "CBA": 0.42,
        "EDUC": 0.12,
        "BSN": 0.10
      },
      "areas": {
        "1": 0.37,
        "2": 0.36,
        "3": 0.19,
        "4": 0.8
      }
    },
    "extend": {
      "total": 481,
      "college": {
        "CET": 0.36,
        "CBA": 0.42,
        "EDUC": 0.12,
        "BSN": 0.10
      },
      "areas": {
        "1": 0.37,
        "2": 0.36,
        "3": 0.19,
        "4": 0.8
      }
    }
  }
},
{   
  "STATS_NAME": {
    "STATS_CONTENT": {
      "TOTAL": 0,
      "STATS_AGGREGRATE_BY": {
        "AGGREGRATIONS": 0
      }
    }
  }
}]